key,summary,category,full_name,alert_warn_detail,alert_error_detail,acceptable,targeted,alert_warn_detail_cs,alert_error_detail_cs,acceptable_cs,targeted_cs,evaluate_type,format_type,is_species_specific,include_cumulative,alert_warn_name,alert_error_name,help_description
filtered_bcs_transcriptome_union,TRUE,Cell Calling,Estimated Number of Cells,"Ideal > 100. This usually indicates poor cell handling, poor library quality, or poor sequencing quality. Application performance is likely to be affected.",alert_warn_detail,0,100,"Estimated number of cells is expected to be > 100. This usually indicates poor cell handling, poor library quality, or poor sequencing quality. Application performance is likely to be affected.",alert_warn_detail_cs,acceptable,targeted,gt,int,FALSE,,Low Number of Cells Detected,No Cells Detected,The number of barcodes associated with at least one cell.
chemistry_description,FALSE,Chemistry,Chemistry,The analyzed library is a Chromium Single Cell Multiome ATAC + Gene Expression library that should be analyzed using the cellranger-arc pipeline. Please download the cellranger-arc pipeline from https://support.10xgenomics.com.,alert_warn_detail,,ARC-v1,alert_warn_detail,alert_warn_detail,,ARC-v1,is_not_equal,,FALSE,,ARC Chemistry Detected,,
inconsistent_throughput,FALSE,Chemistry,Chemistry,"High throughput (HT) chemistry was specified, but Cell Ranger detected that data was not HT. This may be due to low sequencing depth, sample quality issues, or incorrect chemistry input to Cell Ranger. If applicable, cell multiplexing results may not be accurate.",alert_warn_detail,,HT,alert_warn_detail,alert_warn_detail,,HT,is_not_equal,,FALSE,,Inconsistent Throughput Detected,,
multi_transcriptome_total_raw_reads_per_filtered_bc,TRUE,Sensitivity,Mean Reads per Cell,,,,,,,,,,int,FALSE,,,,The total number of sequenced reads divided by the number of barcodes associated with cell-containing partitions.
filtered_bcs_median_unique_genes_detected,TRUE,Sensitivity,Median Genes per Cell,,,,,,,,,,int,TRUE,,,,The median number of genes detected per cell-associated barcode. Detection is defined as the presence of at least 1 UMI count.
total_read_pairs,TRUE,Sequencing,Number of Reads,,,,,,,,,,int,FALSE,,,,Total number of read pairs that were assigned to this library in demultiplexing.
unprocessed_read_pairs,TRUE,Sequencing,Number of Short Reads Skipped,,,,,,,,,,int,FALSE,,,,Total number of read pairs that were ignored by the pipeline because they do not satisfy the minimum length requirements (for example read1 less that 26 bases in 3' v2 or 3' v3 or 5').
good_bc_frac,TRUE,Sequencing,Valid Barcodes,Ideal > 75%. This may indicate a quality issue with the Illumina I7 read for Single Cell 3' v1 or the R1 read for Single Cell 3' v2/v3 and Single Cell 5'. Application performance may be affected.,alert_warn_detail,0.5,0.75,alert_warn_detail,alert_warn_detail,acceptable,targeted,gt,percentage,FALSE,,Low Fraction Valid Barcodes,alert_warn_name,Fraction of reads with barcodes that match the whitelist after barcode correction.
good_umi_frac,TRUE,Sequencing,Valid UMIs,Ideal > 75%. This may indicate a quality issue with the Illumina R2 read for Single Cell 3' v1 or the R1 read for Single Cell 3' v2/v3 and Single Cell 5'. Application performance may be affected.,alert_warn_detail,0.5,0.75,alert_warn_detail,alert_warn_detail,acceptable,targeted,gt,percentage,FALSE,,Low Fraction Valid UMIs,alert_warn_name,Fraction of reads with valid UMIs; i.e. UMI sequences that do not contain Ns and that are not homopolymers.
reads_per_cell,TRUE,Sequencing,Mean Reads per Cell,,,,,,,,,,int,FALSE,,,,The total number of sequenced reads divided by the number of barcodes associated with cell-containing partitions.
multi_cdna_pcr_dupe_reads_frac,TRUE,Sequencing,Sequencing Saturation,,,,,,,,,,percentage,FALSE,,,,"The fraction of reads originating from an already-observed UMI. This is a function of library complexity and sequencing depth. More specifically, this is the fraction of confidently mapped, valid cell-barcode, valid UMI reads that had a non-unique (cell-barcode, UMI, gene). This metric was called 'cDNA PCR Duplication' in versions of Cell Ranger prior to 1.2."
bc_bases_with_q30_frac,TRUE,Sequencing,Q30 Bases in Barcode,"Fraction of cell barcode bases (Illumina I7 Read for Single Cell 3' v1, R1 for Single Cell 3' v2/v3 and Single Cell 5') with Q-score >= 30 should be above 55%. A lower fraction might indicate poor sequencing quality.",alert_warn_detail,0.45,0.55,alert_warn_detail,alert_warn_detail,acceptable,targeted,gt,percentage,FALSE,,Fraction of cell barcode bases with Q-score >= 30 is low,alert_warn_name,"Fraction of cell barcode bases with Q-score >= 30, excluding very low quality/no-call (Q <= 2) bases from the denominator."
read_bases_with_q30_frac,TRUE,Sequencing,Q30 Bases in RNA Read,"Fraction of RNA read bases with Q-score >= 30 should be above 65%. A lower fraction might indicate poor sequencing quality. This is Read 1 for the Single Cell 3' v1 chemistry and Single Cell 5' paired end, Read 2 for the Single Cell 3' v2/v3 chemistry and Single Cell 5' R2-only)",alert_warn_detail,0.55,0.65,alert_warn_detail,alert_warn_detail,acceptable,targeted,gt,percentage,FALSE,,Fraction of RNA read bases with Q-score >= 30 is low,alert_warn_name,"Fraction of RNA read bases with Q-score >= 30, excluding very low quality/no-call (Q <= 2) bases from the denominator. This is Read 1 for the Single Cell 3' v1 chemistry and Single Cell 5' paired end, Read 2 for the Single Cell 3' v2/v3 chemistry and Single Cell 5' R2-only)."
read2_bases_with_q30_frac,TRUE,Sequencing,Q30 Bases in RNA Read 2,,,,,,,,,,percentage,FALSE,,,,"Fraction of RNA read 2 bases with Q-score >= 30, excluding very low quality/no-call (Q <= 2) bases from the denominator."
umi_bases_with_q30_frac,TRUE,Sequencing,Q30 Bases in UMI,"Fraction of UMI bases (Illumina R2 Read for Single Cell 3' v1, R1 for Single Cell 3' v2/v3 and Single Cell 5') with Q-score >= 30 should be above 75%. A lower fraction might indicate poor sequencing quality.",alert_warn_detail,0.65,0.75,alert_warn_detail,alert_warn_detail,acceptable,targeted,gt,percentage,FALSE,,Fraction of UMI bases with Q-score >= 30 is low,alert_warn_name,"Fraction of UMI bases with Q-score >= 30, excluding very low quality/no-call (Q <= 2) bases from the denominator."
# ANTIBODY Cells,,,,,,,,,,,,,,,,,,  
ANTIBODY_filtered_bcs_transcriptome_union,TRUE,Cell Calling,Estimated Number of Cells,"Ideal > 100. This usually indicates poor cell handling, poor library quality, or poor sequencing quality. Application performance is likely to be affected.",alert_warn_detail,0,100,"Estimated number of cells is expected to be > 100. This usually indicates poor cell handling, poor library quality, or poor sequencing quality. Application performance is likely to be affected.",alert_warn_detail_cs,acceptable,targeted,gt,int,FALSE,,Low Number of Cells Detected,No Cells Detected,The number of barcodes associated with at least one cell.
ANTIBODY_multi_transcriptome_total_raw_reads_per_filtered_bc,TRUE,Sensitivity,Mean Reads per Cell,,,,,,,,,,int,FALSE,,,,The total number of sequenced reads divided by the number of barcodes associated with cell-containing partitions.
# CRISPR sequencing,,,,,,,,,,,,,,,,,,
CRISPR_total_read_pairs,TRUE,Sequencing,Number of Reads,,,,,,,,,,int,FALSE,,,,Total number of CRISPR library reads.
CRISPR_unprocessed_read_pairs,TRUE,Sequencing,Number of Short Reads Skipped,,,,,,,,,,int,FALSE,,,,Total number of CRISPR library read pairs that were ignored by the pipeline because they do not satisfy the minimum length requirements (for example read1 less that 26 bases in 3' v2 or 3' v3 or 5').
CRISPR_reads_per_cell,TRUE,Sequencing,Mean Reads per Cell,,,,,,,,,,int,FALSE,,,,The total number of sequenced CRISPR library reads divided by the number of barcodes associated with cell-containing partitions.
CRISPR_good_bc_frac,TRUE,Sequencing,Valid Barcodes,,,,,,,,,,percentage,FALSE,,,,Fraction of CRISPR library reads with a barcode found in or corrected to one that is found in the whitelist.
CRISPR_good_umi_frac,TRUE,Sequencing,Valid UMIs,,,,,,,,,,percentage,FALSE,,,,Fraction of CRISPR library reads with valid UMIs.
CRISPR_multi_cdna_pcr_dupe_reads_frac,TRUE,Sequencing,Sequencing Saturation,,,,,,,,,,percentage,FALSE,,,,"The fraction of CRISPR library reads originating from an already-observed UMI. This is a function of library complexity and sequencing depth. More specifically, this is the fraction of confidently mapped, valid cell-barcode, valid UMI reads that had a non-unique (cell-barcode, UMI, CRISPR feature barcode)."
CRISPR_bc_bases_with_q30_frac,TRUE,Sequencing,Q30 Bases in Barcode,,,,,,,,,,percentage,FALSE,,,,"Fraction of CRISPR library cell barcode bases with Q-score >= 30, excluding very low quality/no-call (Q <= 2) bases from the denominator."
CRISPR_read_bases_with_q30_frac,TRUE,Sequencing,Q30 Bases in CRISPR Read,,,,,,,,,,percentage,FALSE,,,,"Fraction of CRISPR library read bases with Q-score >= 30, excluding very low quality/no-call (Q <= 2) bases from the denominator. This is Read 2 for the Single Cell 3' v3 and Single Cell 5' chemistries."
CRISPR_read2_bases_with_q30_frac,TRUE,Sequencing,Q30 Bases in CRISPR Read 2,,,,,,,,,,percentage,FALSE,,,,"Fraction of CRISPR library read 2 bases with Q-score >= 30, excluding very low quality/no-call (Q <= 2) bases from the denominator."
CRISPR_umi_bases_with_q30_frac,TRUE,Sequencing,Q30 Bases in UMI,,,,,,,,,,percentage,FALSE,,,,"Fraction of CRISPR library UMI bases with Q-score >= 30, excluding very low quality/no-call (Q <= 2) bases from the denominator."
# ANTIBODY sequencing,,,,,,,,,,,,,,,,,,
ANTIBODY_total_read_pairs,TRUE,Sequencing,Number of Reads,,,,,,,,,,int,FALSE,,,,Total number of Antibody library reads.
ANTIBODY_unprocessed_read_pairs,TRUE,Sequencing,Number of Short Reads Skipped,,,,,,,,,,int,FALSE,,,,Total number of Antibody library reads that were ignored by the pipeline because they do not satisfy the minimum length requirements (for example read1 less that 26 bases in 3' v2 or 3' v3 or 5').
ANTIBODY_reads_per_cell,TRUE,Sequencing,Mean Reads per Cell,,,,,,,,,,int,FALSE,,,,The total number of sequenced Antibody library reads divided by the number of barcodes associated with cell-containing partitions.
ANTIBODY_good_bc_frac,TRUE,Sequencing,Valid Barcodes,,,,,,,,,,percentage,FALSE,,,,Fraction of Antibody library reads with a barcode found in or corrected to one that is found in the whitelist.
ANTIBODY_good_umi_frac,TRUE,Sequencing,Valid UMIs,,,,,,,,,,percentage,FALSE,,,,Fraction of Antibody library reads with valid UMIs.
ANTIBODY_multi_cdna_pcr_dupe_reads_frac,TRUE,Sequencing,Sequencing Saturation,,,,,,,,,,percentage,FALSE,,,,"The fraction of Antibody library reads originating from an already-observed UMI. This is a function of library complexity and sequencing depth. More specifically, this is the fraction of confidently mapped, valid cell-barcode, valid UMI reads that had a non-unique (cell-barcode, UMI, Antibody feature barcode)."
ANTIBODY_bc_bases_with_q30_frac,TRUE,Sequencing,Q30 Bases in Barcode,,,,,,,,,,percentage,FALSE,,,,"Fraction of Antibody library cell barcode bases with Q-score >= 30, excluding very low quality/no-call (Q <= 2) bases from the denominator."
ANTIBODY_read_bases_with_q30_frac,TRUE,Sequencing,Q30 Bases in Antibody Read,,,,,,,,,,percentage,FALSE,,,,"Fraction of Antibody library read bases with Q-score >= 30, excluding very low quality/no-call (Q <= 2) bases from the denominator. This is Read 2 for the Single Cell 3' v3 and Single Cell 5' chemistries."
ANTIBODY_read2_bases_with_q30_frac,TRUE,Sequencing,Q30 Bases in Antibody Read 2,,,,,,,,,,percentage,FALSE,,,,"Fraction of Antibody library read 2 bases with Q-score >= 30, excluding very low quality/no-call (Q <= 2) bases from the denominator."
ANTIBODY_umi_bases_with_q30_frac,TRUE,Sequencing,Q30 Bases in UMI,,,,,,,,,,percentage,FALSE,,,,"Fraction of Antibody library UMI bases with Q-score >= 30, excluding very low quality/no-call (Q <= 2) bases from the denominator."
# ANTIGEN sequencing,,,,,,,,,,,,,,,,,,
ANTIGEN_total_read_pairs,TRUE,Sequencing,Number of Reads,,,,,,,,,,int,FALSE,,,,Total number of Antigen library reads.
ANTIGEN_unprocessed_read_pairs,TRUE,Sequencing,Number of Short Reads Skipped,,,,,,,,,,int,FALSE,,,,Total number of Antigen library reads that were ignored by the pipeline because they do not satisfy the minimum length requirements (for example read1 less that 26 bases in 3' v2 or 3' v3 or 5').
ANTIGEN_reads_per_cell,TRUE,Sequencing,Mean Reads per Cell,,,,,,,,,,int,FALSE,,,,The total number of sequenced Antigen library reads divided by the number of barcodes associated with cell-containing partitions.
ANTIGEN_good_bc_frac,TRUE,Sequencing,Valid Barcodes,,,,,,,,,,percentage,FALSE,,,,Fraction of Antigen library reads with a barcode found in or corrected to one that is found in the whitelist.
ANTIGEN_good_umi_frac,TRUE,Sequencing,Valid UMIs,,,,,,,,,,percentage,FALSE,,,,Fraction of Antigen library reads with valid UMIs.
ANTIGEN_multi_cdna_pcr_dupe_reads_frac,TRUE,Sequencing,Sequencing Saturation,,,,,,,,,,percentage,FALSE,,,,"The fraction of Antigen library reads originating from an already-observed UMI. This is a function of library complexity and sequencing depth. More specifically, this is the fraction of confidently mapped, valid cell-barcode, valid UMI reads that had a non-unique (cell-barcode, UMI, Antigen feature barcode)."
ANTIGEN_bc_bases_with_q30_frac,TRUE,Sequencing,Q30 Bases in Barcode,,,,,,,,,,percentage,FALSE,,,,"Fraction of Antigen library cell barcode bases with Q-score >= 30, excluding very low quality/no-call (Q <= 2) bases from the denominator."
ANTIGEN_read_bases_with_q30_frac,TRUE,Sequencing,Q30 Bases in Antigen Read,,,,,,,,,,percentage,FALSE,,,,"Fraction of Antigen library read bases with Q-score >= 30, excluding very low quality/no-call (Q <= 2) bases from the denominator. This is Read 2 for the Single Cell 3' v3 and Single Cell 5' chemistries."
ANTIGEN_read2_bases_with_q30_frac,TRUE,Sequencing,Q30 Bases in Antigen Read 2,,,,,,,,,,percentage,FALSE,,,,"Fraction of Antigen library read 2 bases with Q-score >= 30, excluding very low quality/no-call (Q <= 2) bases from the denominator."
ANTIGEN_umi_bases_with_q30_frac,TRUE,Sequencing,Q30 Bases in UMI,,,,,,,,,,percentage,FALSE,,,,"Fraction of Antigen library UMI bases with Q-score >= 30, excluding very low quality/no-call (Q <= 2) bases from the denominator."
# Custom sequencing,,,,,,,,,,,,,,,,,,
Custom_total_read_pairs,TRUE,Sequencing,Number of Reads,,,,,,,,,,int,FALSE,,,,Total number of Custom library reads.
Custom_unprocessed_read_pairs,TRUE,Sequencing,Number of Short Reads Skipped,,,,,,,,,,int,FALSE,,,,Total number of Custom library reads that were ignored by the pipeline because they do not satisfy the minimum length requirements (for example read1 less that 26 bases in 3' v2 or 3' v3 or 5').
Custom_reads_per_cell,TRUE,Sequencing,Mean Reads per Cell,,,,,,,,,,int,FALSE,,,,The total number of sequenced Custom library reads divided by the number of barcodes associated with cell-containing partitions.
Custom_good_bc_frac,TRUE,Sequencing,Valid Barcodes,,,,,,,,,,percentage,FALSE,,,,Fraction of Custom library reads with a barcode found in or corrected to one that is found in the whitelist.
Custom_good_umi_frac,TRUE,Sequencing,Valid UMIs,,,,,,,,,,percentage,FALSE,,,,Fraction of Custom library reads with valid UMIs.
Custom_multi_cdna_pcr_dupe_reads_frac,TRUE,Sequencing,Sequencing Saturation,,,,,,,,,,percentage,FALSE,,,,"The fraction of Custom library reads originating from an already-observed UMI. This is a function of library complexity and sequencing depth. More specifically, this is the fraction of confidently mapped, valid cell-barcode, valid UMI reads that had a non-unique (cell-barcode, UMI, Custom feature barcode)."
Custom_bc_bases_with_q30_frac,TRUE,Sequencing,Q30 Bases in Barcode,,,,,,,,,,percentage,FALSE,,,,"Fraction of Custom library cell barcode bases with Q-score >= 30, excluding very low quality/no-call (Q <= 2) bases from the denominator."
Custom_read_bases_with_q30_frac,TRUE,Sequencing,Q30 Bases in Feature Read,,,,,,,,,,percentage,FALSE,,,,"Fraction of Custom library read bases with Q-score >= 30, excluding very low quality/no-call (Q <= 2) bases from the denominator. This is Read 2 for the Single Cell 3' v3 and Single Cell 5' chemistries."
Custom_read2_bases_with_q30_frac,TRUE,Sequencing,Q30 Bases in Feature Read 2,,,,,,,,,,percentage,FALSE,,,,"Fraction of Custom library read 2 bases with Q-score >= 30, excluding very low quality/no-call (Q <= 2) bases from the denominator."
Custom_umi_bases_with_q30_frac,TRUE,Sequencing,Q30 Bases in UMI,,,,,,,,,,percentage,FALSE,,,,"Fraction of Custom library UMI bases with Q-score >= 30, excluding very low quality/no-call (Q <= 2) bases from the denominator."
genome_mapped_reads_frac,TRUE,Mapping,Reads Mapped to Genome,,,,,,,,,,percentage,TRUE,TRUE,,,Fraction of reads that mapped to the genome.
genome_conf_mapped_reads_frac,TRUE,Mapping,Reads Mapped Confidently to Genome,,,,,,,,,,percentage,TRUE,TRUE,,,"Fraction of reads that mapped uniquely to the genome. If a gene mapped to exonic loci from a single gene and also to non-exonic loci, it is considered uniquely mapped to one of the exonic loci."
intergenic_conf_mapped_reads_frac,TRUE,Mapping,Reads Mapped Confidently to Intergenic Regions,,,,,,,,,,percentage,TRUE,TRUE,,,Fraction of reads that mapped uniquely to an intergenic region of the genome.
intronic_conf_mapped_reads_frac,TRUE,Mapping,Reads Mapped Confidently to Intronic Regions,,,,,,,,,,percentage,TRUE,TRUE,,,Fraction of reads that mapped uniquely to an intronic region of the genome.
exonic_conf_mapped_reads_frac,TRUE,Mapping,Reads Mapped Confidently to Exonic Regions,,,,,,,,,,percentage,TRUE,TRUE,,,Fraction of reads that mapped uniquely to an exonic region of the genome.
transcriptome_conf_mapped_reads_frac,TRUE,Mapping,Reads Mapped Confidently to Transcriptome,"Ideal > 30%. This can indicate use of the wrong reference transcriptome, a reference transcriptome with overlapping genes, poor library quality, poor sequencing quality, or reads shorter than the recommended minimum. Application performance may be affected.",alert_warn_detail,0.2,0.3,alert_warn_detail,alert_warn_detail,acceptable,targeted,gt,percentage,TRUE,TRUE,Low Fraction Reads Confidently Mapped To Transcriptome,alert_warn_name,Fraction of reads that mapped to a unique gene in the transcriptome. The read must be consistent with annotated splice junctions when include-introns=false. These reads are considered for UMI counting.
# Targeted Application,,,,,,,,,,,,,,,,,,
multi_cdna_pcr_dupe_reads_frac_on_target,TRUE,Sequencing,Targeted Sequencing Saturation,,,,,,,,,,percentage,FALSE,,,,"The fraction of targeted reads originating from an already-observed targeted UMI. This is a function of library complexity and sequencing depth. More specifically, this is the fraction of confidently mapped, valid cell-barcode, valid targeted UMI reads that had a non-unique (cell-barcode, UMI, gene). This metric was called 'cDNA PCR Duplication' in versions of Cell Ranger prior to 1.2."
total_targeted_reads_per_filtered_bc,TRUE,Sensitivity,Mean Targeted Reads per Cell,,,,,,,,,,int,,,,,The total number of targeted reads divided by the number of barcodes associated with cell-containing partitions.
median_genes_per_cell_on_target,TRUE,Sensitivity,Median Targeted Genes per Cell,,,,,,,,,,int,FALSE,,,,The median number of targeted genes detected per cell-associated barcode. Detection is defined as the presence of at least 1 UMI count.
num_genes_detected_on_target,TRUE,Targeting,Total Targeted Genes Detected,,,,,,,,,,int,,,,,The number of targeted genes with at least one UMI count in any cell.
median_umis_per_cell_on_target,TRUE,Cell Calling,Median Targeted UMI Counts per Cell,,,,,,,,,,int,FALSE,,,,The median number of targeted UMI counts per cell-associated barcode.
multi_frac_conf_transcriptomic_reads_on_target,TRUE,Mapping,Reads Mapped Confidently to the Transcriptome,,,,,,,,,,percentage,,,,,Fraction of reads that mapped to a unique targeted gene in the transcriptome. The read must be consistent with annotated splice junctions. These reads are considered for UMI counting.
multi_frac_conf_transcriptomic_reads_off_target,TRUE,Mapping,Reads Mapped Confidently to the Transcriptome,,,,,,,,,,percentage,,,,,Fraction of reads that mapped to a unique gene in the transcriptome. The read must be consistent with annotated splice junctions. These reads are considered for UMI counting. This fraction is computed separately for targeted and non-targeted gene categories.
filtered_target_umi_reads_frac,TRUE,Targeting,Fraction of Reads Removed by UMI Filtering,,,,,,,,,,float,,,,,Fraction of all reads confidently mapped to the targeted transcriptome and subsequently removed by targeted UMI filtering.
filtered_target_umi_count_threshold,TRUE,Targeting,Reads per UMI threshold for UMI filtering,,,,,,,,,,int,,,,,Minimum number of reads per UMI required to pass UMI filtering. UMIs in targeted genes with read support (strictly) lower than this threshold are filtered out. UMI filtering is not applied to non-targeted genes.
num_genes_on_target,TRUE,Targeting,Number of Genes,,,,,,,,,,int,,,,,Number of genes per category. The number of targeted genes is specified via the target panel file. The number of non-targeted genes is the difference between the total number of genes in the reference and the number of targeted genes.
num_genes_off_target,TRUE,Targeting,Number of Genes,,,,,,,,,,int,,,,,Number of genes per category. The number of targeted genes is specified via the target panel file. The number of non-targeted genes is the difference between the total number of genes in the reference and the number of targeted genes.
num_genes_quantifiable_on_target,TRUE,Targeting,Number of Genes >= 10 UMIs,,,,,,,,,,int,,,,,Number of genes with at least 10 filtered UMIs from cell-associated barcodes. These genes are used to calculate per-gene enrichments.
num_genes_quantifiable_off_target,TRUE,Targeting,Number of Genes >= 10 UMIs,,,,,,,,,,int,,,,,Number of genes with at least 10 filtered UMIs from cell-associated barcodes. These genes are used to calculate per-gene enrichments.
num_rpu_enriched_genes_on_target,TRUE,Targeting,Number of Enriched Genes,,,,,,,,,,int,,,,,"Number of enriched genes per category. Genes are classified with a two-class Gaussian mixture model into two groups based on the mean reads per UMI value for each gene. Enriched genes have higher mean reads per UMI values, indicating their over-representation in the targeted library."
num_rpu_enriched_genes_off_target,TRUE,Targeting,Number of Enriched Genes,,,,,,,,,,int,,,,,"Number of enriched genes per category. Genes are classified with a two-class Gaussian mixture model into two groups based on the mean reads per UMI value for each gene. Enriched genes have higher mean reads per UMI values, indicating their over-representation in the targeted library."
mean_reads_per_umi_per_gene_cells_on_target,TRUE,Targeting,Mean Reads per UMI per Gene,,,,,,,,,,float,,,,,"Mean number of reads per UMI for each gene, averaged across genes. Only genes with >= 10 filtered UMIs from cell-associated barcodes are considered."
mean_reads_per_umi_per_gene_cells_off_target,TRUE,Targeting,Mean Reads per UMI per Gene,,,,,,,,,,float,,,,,"Mean number of reads per UMI for each gene, averaged across genes. Only genes with >= 10 filtered UMIs from cell-associated barcodes are considered."
frac_on_target_genes_enriched,TRUE,Targeting,Fraction of Targeted Genes Enriched,"Ideal > 70%. This can indicate use of the wrong target panel or inefficient targeting. Targeted performance may be affected.",alert_warn_detail,0.5,0.7,alert_warn_detail,alert_warn_detail,acceptable,targeted,gt,percentage,FALSE,FALSE,Low Fraction of Targeted Genes Enriched,alert_warn_name,Fraction of Targeted Genes with >= 10 cell-associated UMIs that are enriched.
frac_off_target_genes_enriched,TRUE,Targeting,High Fraction of Non-Targeted Genes Enriched,"This can indicate use of the wrong target panel or inefficient targeting. Targeted performance may be affected.",alert_warn_detail,0.5,0.3,alert_warn_detail,alert_warn_detail,acceptable,targeted,lt,percentage,FALSE,FALSE,High Fraction of Enriched Genes are Non-Targeted,alert_warn_name,High Fraction of Non-Targeted Genes Enriched.
antisense_reads_frac,TRUE,Mapping,Reads Mapped Antisense to Gene,"Ideal < 10% for single cell samples. High antisense mapping rate can indicate use of an incorrect chemistry type, an issue with the reference transcriptome, or elevated levels of antisense reads. Application performance is likely to be affected.",alert_warn_detail,0.3,0.1,alert_warn_detail,alert_warn_detail,acceptable,targeted,lt,percentage,TRUE,TRUE,High Fraction of Reads Mapped Antisense to Genes,alert_warn_name,"Fraction of reads confidently mapped to the transcriptome, but on the opposite strand of their annotated gene. A read is counted as antisense if it has any alignments that are consistent with an exon of a transcript but antisense to it, and has no sense alignments."
filtered_bcs,TRUE,Cell Calling,Estimated Number of Cells,"Ideal > 100. This usually indicates poor cell handling, poor library quality, or poor sequencing quality. Application performance is likely to be affected.",alert_warn_detail,0,100,"Estimated number of cells is expected to be > 100.  This usually indicates poor cell handling, poor library quality, or poor sequencing quality. Application performance is likely to be affected.",alert_warn_detail_cs,acceptable,targeted,gt,int,TRUE,,Low Number of Cells Detected,alert_warn_name,The number of barcodes associated with at least one cell.
filtered_bcs_conf_mapped_barcoded_reads_cum_frac,TRUE,Cell Calling,Fraction Reads in Cells,"Ideal > 70%. Application performance may be affected. Many of the reads were not assigned to cell-associated barcodes. This could be caused by high levels of ambient RNA or by a significant population of cells with a low RNA content, which the algorithm did not call as cells. The latter case can be addressed by inspecting the data to determine the appropriate cell count and using --force-cells.",alert_warn_detail,0.5,0.7,alert_warn_detail,alert_warn_detail,acceptable,targeted,gt,percentage,TRUE,TRUE,Low Fraction Reads in Cells,alert_warn_name,"The fraction of valid-barcode, confidently-mapped reads with cell-associated barcodes."
filtered_bcs_total_unique_genes_detected,TRUE,Cell Calling,Total Genes Detected,,,,,,,,,,int,TRUE,,,,The number of genes with at least one UMI count in any cell.
filtered_bcs_median_counts,TRUE,Cell Calling,Median UMI Counts per Cell,,,,,,,,,,int,TRUE,,,,The median number of UMI counts per %s cell-associated barcode.
filtered_bcs_observed_all,TRUE,Cell Calling,GEMs with >0 Cell,,,,,,,,,,int,FALSE,,,,The number of barcodes associated with at least one cell.
filtered_bcs_inferred_multiplets,TRUE,Cell Calling,GEMs with >1 Cell,,,,,,,,,,int,FALSE,,,,The inferred number of barcodes that are associated with multiple cells.
filtered_bcs_inferred_multiplet_rate,TRUE,Cell Calling,Fraction GEMs with >1 Cell,,,,,,,,,,percentage,FALSE,,,,"The mean fraction of cell-associated barcodes estimated to be associated with more than one cell, calculated via bootstrap sampling and adjusting for the ratio of the two cell types."
filtered_bcs_inferred_multiplet_rate_lb,TRUE,Cell Calling,Fraction GEMs with >1 Cell (Lower Bound),,,,,,,,,,percentage,FALSE,,,,"The lower bound of the 95% confidence interval of the fraction of cell-associated barcodes estimated to be associated with more than one cell, calculated via bootstrap sampling and adjusting for the ratio of the two cell types."
filtered_bcs_inferred_multiplet_rate_ub,TRUE,Cell Calling,Fraction GEMs with >1 Cell (Upper Bound),,,,,,,,,,percentage,FALSE,,,,"The upper bound of the 95% confidence interval of the fraction of cell-associated barcodes estimated to be associated with more than one cell, calculated via bootstrap sampling and adjusting for the ratio of the two cell types."
multi_filtered_bcs_mean_count_purity,TRUE,Cell Calling,Mean UMI Count Purity,,,,,,,,,,percentage,FALSE,,,,"Among single-cell GEM barcodes, the total fraction of UMI counts coming from the transcriptome of the cell inferred to be in the GEM, as opposed to a transcriptome that should not be present in the cell."
# CRISPR Application,,,,,,,,,,,,,,,,,,
CRISPR_feature_bc_extracted_frac,TRUE,Feature Barcoding,Fraction Reads with Putative Protospacer Sequence,,,,,,,,,,percentage,,,,,Fraction of feature barcoding library reads from which a putative protospacer sequence could be extracted.
CRISPR_recognized_feature_bc_frac,TRUE,Feature Barcoding,Fraction Guide Reads,,,,,,,,,,percentage,,,,,Fraction of CRISPR library reads with a recognized protospacer sequence.
CRISPR_frac_feature_reads_usable,TRUE,Feature Barcoding,Fraction Guide Reads Usable,,,,,,,,,,percentage,,,,,"Fraction of CRISPR library reads with a recognized protospacer sequence, a valid UMI, and a cell-associated barcode."
CRISPR_feature_reads_usable_per_cell,TRUE,Feature Barcoding,Guide Reads Usable per Cell,,,,,,,,,,int,,,,,Number of CRISPR library guide reads usable divided by the number of cell-associated barcodes.
CRISPR_unrecognized_feature_bc_frac,TRUE,Feature Barcoding,Fraction Protospacer Not Recognized,,,,,,,,,,percentage,,,,,"Among all CRISPR library reads with a putative protospacer sequence, the fraction with a protospacer sequence that was not recognized."
CRISPR_feature_reads_in_cells,TRUE,Feature Barcoding,Guide Reads in Cells,,,,,,,,,,percentage,,,,,"Among CRISPR library reads with a recognized protospacer sequence, a valid UMI, and a valid barcode, the fraction associated with cell-containing partitions."
CRISPR_frac_cells_with_protospacer,TRUE,Feature Barcoding,Cells with 1 or more protospacers detected,,,,,,,,,,percentage,,,,,Cells with 1 or more protospacers detected.
CRISPR_frac_cells_with_multiple_protospacer,TRUE,Feature Barcoding,Cells with 2 or more protospacers detected,,,,,,,,,,percentage,,,,,Cells with 2 or more protospacers detected.
CRISPR_multi_filtered_bcs_median_counts,TRUE,Feature Barcoding,Median UMIs per Cell,,,,,,,,,,int,,,,,Median UMIs per Cell (summed over all recognized protospacers).
# ANTIBODY Application,,,,,,,,,,,,,,,,,,
ANTIBODY_recognized_feature_bc_frac,TRUE,Feature Barcoding,Fraction Antibody Reads,,,,,,,,,,percentage,,,,,Fraction of Antibody library reads that contain a recognized antibody barcode.
ANTIBODY_frac_feature_reads_usable,TRUE,Feature Barcoding,Fraction Antibody Reads Usable,,,,,,,,,,percentage,,,,,"Fraction of Antibody library reads that contain a recognized antibody barcode, a valid UMI, and a cell-associated barcode."
ANTIBODY_feature_reads_usable_per_cell,TRUE,Feature Barcoding,Antibody Reads Usable per Cell,,,,,,,,,,int,,,,,Number of Antibody library reads usable divided by the number of cell-associated barcodes.
ANTIBODY_reads_lost_to_aggregate_GEMs,TRUE,Feature Barcoding,Fraction Antibody Reads in Aggregate Barcodes,Ideal < 5%. Detected some aggregate barcodes. These barcodes and their corresponding reads have been removed from the final matrix.,alert_warn_detail,1.0,0.05,alert_warn_detail,alert_warn_detail,acceptable,targeted,lt,percentage,,,High Fraction of Antibody Reads in Aggregate Barcodes,,Fraction of Antibody library reads that was lost after removing aggregate barcodes.
ANTIBODY_unrecognized_feature_bc_frac,TRUE,Feature Barcoding,Fraction Unrecognized Antibody,,,,,,,,,,percentage,,,,,"Among all Antibody library reads, the fraction with an unrecognizable antibody barcode."
ANTIBODY_feature_reads_in_cells,TRUE,Feature Barcoding,Antibody Reads in Cells,,,,,,,,,,percentage,,,,,"Among Antibody library reads with a recognized antibody barcode, a valid UMI, and a valid barcode, the fraction associated with cell-containing partitions."
ANTIBODY_multi_filtered_bcs_median_counts,TRUE,Feature Barcoding,Median UMIs per Cell (summed over all recognized antibody barcodes),,,,,,,,,,int,,,,,Median UMIs per Cell (summed over all recognized antibody barcodes).
# ANTIGEN Application,,,,,,,,,,,,,,,,,,
ANTIGEN_recognized_feature_bc_frac,TRUE,Feature Barcoding,Fraction Antigen Reads,,,,,,,,,,percentage,,,,,Fraction of Antigen library reads that contain a recognized antigen barcode.
ANTIGEN_frac_feature_reads_usable,TRUE,Feature Barcoding,Fraction Antigen Reads Usable,,,,,,,,,,percentage,,,,,"Fraction of Antigen library reads that contain a recognized antigen barcode, a valid UMI, and a cell-associated barcode."
ANTIGEN_feature_reads_usable_per_cell,TRUE,Feature Barcoding,Antigen Reads Usable per Cell,,,,,,,,,,int,,,,,Number of Antigen library reads usable divided by the number of cell-associated barcodes.
ANTIGEN_reads_lost_to_aggregate_GEMs,TRUE,Feature Barcoding,Fraction Antigen Reads in Aggregate Barcodes,Ideal < 5%. Detected some aggregate barcodes. These barcodes and their corresponding reads have been removed from the final matrix.,alert_warn_detail,1.0,0.05,alert_warn_detail,alert_warn_detail,acceptable,targeted,lt,percentage,,,High Fraction of Antigen Reads in Aggregate Barcodes,,Fraction of Antigen library reads that was lost after removing aggregate barcodes.
ANTIGEN_unrecognized_feature_bc_frac,TRUE,Feature Barcoding,Fraction Unrecognized Antigen,,,,,,,,,,percentage,,,,,"Among all Antigen library reads, the fraction with an unrecognizable antigen barcode."
ANTIGEN_feature_reads_in_cells,TRUE,Feature Barcoding,Antigen Reads in Cells,,,,,,,,,,percentage,,,,,"Among Antigen library reads with a recognized antigen barcode, a valid UMI, and a valid barcode, the fraction associated with cell-containing partitions."
ANTIGEN_multi_filtered_bcs_median_counts,TRUE,Feature Barcoding,Median UMIs per Cell (summed over all recognized antigen barcodes),,,,,,,,,,int,,,,,Median UMIs per Cell (summed over all recognized antigen barcodes).
# Custom Feature,,,,,,,,,,,,,,,,,,
Custom_recognized_feature_bc_frac,TRUE,Feature Barcoding,Fraction Feature Reads,,,,,,,,,,percentage,,,,,Fraction of Custom library reads that contain a recognized feature barcode.
Custom_frac_feature_reads_usable,TRUE,Feature Barcoding,Fraction Feature Reads Usable,,,,,,,,,,percentage,,,,,"Fraction of Custom library reads that contain a recognized feature barcode, a valid UMI, and a cell-associated barcode."
Custom_feature_reads_usable_per_cell,TRUE,Feature Barcoding,Feature Reads Usable per Cell,,,,,,,,,,int,,,,,Number of Feature library reads usable divided by the number of cell-associated barcodes.
Custom_unrecognized_feature_bc_frac,TRUE,Feature Barcoding,Fraction Unrecognized Feature,,,,,,,,,,percentage,,,,,"Among all Feature library reads, the fraction with an unrecognizable antibody barcode."
Custom_feature_reads_in_cells,TRUE,Feature Barcoding,Feature Reads in Cells,,,,,,,,,,percentage,,,,,"Among Feature library reads with a recognized antibody barcode, a valid UMI, and a valid barcode, the fraction associated with cell-containing partitions."
Custom_multi_filtered_bcs_median_counts,TRUE,Feature Barcoding,Median UMIs per Cell (summed over all recognized feature barcodes),,,,,,,,,,int,,,,,Median UMIs per Cell (summed over all recognized feature barcodes).
# Aggregation,,,,,,,,,,,,,,,,,,
pre_normalization_total_reads,TRUE,Aggregation,Pre-Normalization Total Number of Reads,,,,,,,,,,int,,,,,Total number of read pairs that were assigned to these libraries in demultiplexing.
post_normalization_total_reads,TRUE,Aggregation,Post-Normalization Total Number of Reads,,,,,,,,,,int,,,,,Number of read pairs after normalizing for depth among multiple libraries.
frac_reads_kept,TRUE,Aggregation,Fraction of Reads Kept,,,,,,,,,,percentage,TRUE,,,,"The fraction of reads kept for this input sample, after normalizing depth across samples to reduce batch effects."
pre_normalization_raw_reads_per_filtered_bc,TRUE,Aggregation,Pre-Normalization Total Reads per Cell,,,,,,,,,,int,TRUE,,,,"The mean number of total sequencing reads per cell in this input sample, prior to depth normalization."
pre_normalization_cmb_reads_per_filtered_bc,TRUE,Aggregation,Pre-Normalization Confidently Mapped Barcoded Reads per Cell,,,,,,,,,,int,TRUE,,,,"The mean number of confidently-mapped, valid-barcode reads per cell in this input sample, prior to depth normalization."
pre_normalization_targeted_cmb_reads_per_filtered_bc,TRUE,Aggregation,Pre-Normalization Confidently Mapped Barcoded Targeted Reads per Cell,,,,,,,,,,int,TRUE,,,,"The mean number of confidently-mapped-to-targeted-transcriptome, valid-barcode reads per cell in this input sample, prior to depth normalization. Reads are considered mapped to the targeted transcriptome if they are aligned to a targeted gene."
lowest_frac_reads_kept,TRUE,Aggregation,Fraction of Reads Kept,Ideal > 50%. There may be large differences in sequencing depth across the input libraries. Application performance may be affected.,alert_warn_detail,0.25,0.5,alert_warn_detail,alert_warn_detail,acceptable,targeted,gt,percentage,FALSE,,Low Post-Normalization Read Depth,alert_warn_name,"The fraction of reads kept for this input sample, after normalizing depth across samples to reduce batch effects."
pre_normalization_multi_transcriptome_total_raw_reads_per_filtered_bc,TRUE,Aggregation,Pre-Normalization Mean Reads per Cell,,,,,,,,,,int,,,,,The total number of sequenced reads divided by the number of barcodes associated with cell-containing partitions.
post_normalization_multi_transcriptome_total_raw_reads_per_filtered_bc,TRUE,Aggregation,Post-Normalization Mean Reads per Cell,,,,,,,,,,int,,,,,The total number of (depth-normalized) reads divided by the number of barcodes associated with cell-containing partitions.
CRISPR_frac_reads_kept,TRUE,Aggregation,Fraction of Reads Kept,,,,,,,,,,percentage,TRUE,,,,"The fraction of reads kept for this input sample, after normalizing depth across samples to reduce batch effects."
CRISPR_pre_normalization_raw_reads_per_filtered_bc,TRUE,Aggregation,Pre-Normalization Total Reads per Cell,,,,,,,,,,int,TRUE,,,,"The mean number of total sequencing reads per cell in this input sample, prior to depth normalization."
CRISPR_pre_normalization_cmb_reads_per_filtered_bc,TRUE,Aggregation,Pre-Normalization Confidently Mapped Barcoded Reads per Cell,,,,,,,,,,int,TRUE,,,,"The mean number of confidently-mapped, valid-barcode reads per cell in this input sample, prior to depth normalization."
ANTIBODY_frac_reads_kept,TRUE,Aggregation,Fraction of Reads Kept,,,,,,,,,,percentage,TRUE,,,,"The fraction of reads kept for this input sample, after normalizing depth across samples to reduce batch effects."
ANTIBODY_pre_normalization_raw_reads_per_filtered_bc,TRUE,Aggregation,Pre-Normalization Total Reads per Cell,,,,,,,,,,int,TRUE,,,,"The mean number of total sequencing reads per cell in this input sample, prior to depth normalization."
ANTIBODY_pre_normalization_cmb_reads_per_filtered_bc,TRUE,Aggregation,Pre-Normalization Confidently Mapped Barcoded Reads per Cell,,,,,,,,,,int,TRUE,,,,"The mean number of confidently-mapped, valid-barcode reads per cell in this input sample, prior to depth normalization."
Custom_frac_reads_kept,TRUE,Aggregation,Fraction of Reads Kept,,,,,,,,,,percentage,TRUE,,,,"The fraction of reads kept for this input sample, after normalizing depth across samples to reduce batch effects."
Custom_pre_normalization_raw_reads_per_filtered_bc,TRUE,Aggregation,Pre-Normalization Total Reads per Cell,,,,,,,,,,int,TRUE,,,,"The mean number of total sequencing reads per cell in this input sample, prior to depth normalization."
Custom_pre_normalization_cmb_reads_per_filtered_bc,TRUE,Aggregation,Pre-Normalization Confidently Mapped Barcoded Reads per Cell,,,,,,,,,,int,TRUE,,,,"The mean number of confidently-mapped, valid-barcode reads per cell in this input sample, prior to depth normalization."
# Batch Normalization,,,,,,,,,,,,,,,,,,
batch_effect_score_before_correction,TRUE,Batch Correction,Batch Effect Score before Correction,,,,,,,,,,float,,,,,"Before chemistry batch correction, the average fraction of 100 nearest neighbors belonging to the same batch, normalized by the expected value without batch effect."
batch_effect_score_after_correction,TRUE,Batch Correction,Batch Effect Score after Correction,,,,,,,,,,float,,,,,"After chemistry batch correction, the average fraction of 100 nearest neighbors belonging to the same batch, normalized by the expected value without batch effect."
multi_transcriptome_targeted_conf_mapped_reads_frac,FALSE,Mapping,Reads Mapped Confidently to the Targeted Transcriptome,"Ideal > 30%. This can indicate use of a small panel with low aggregate expression, use of the wrong target panel, or inefficient targeting. Targeted performance may be affected.",alert_warn_detail,0.2,0.3,alert_warn_detail,alert_warn_detail,acceptable,targeted,gt,percentage,,,Low Fraction Reads Confidently Mapped To Targeted Transcriptome,alert_warn_name,Fraction of reads that mapped to a unique targeted gene in the transcriptome. The read must be consistent with annotated splice junctions. These reads are considered for UMI counting.
